{"web":{"client_id":"442337591630-ab2m15n55vdi1700gs5qvufrpcfol58t.apps.googleusercontent.com","project_id":"tech-haven-5368b","auth_uri":"https://accounts.google.com/o/oauth2/auth","token_uri":"https://oauth2.googleapis.com/token","auth_provider_x509_cert_url":"https://www.googleapis.com/oauth2/v1/certs","client_secret":"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","redirect_uris":["https://tech-haven-5368b.web.app","http://localhost:3000"],"javascript_origins":["http://localhost:3000","https://tech-haven-5368b.web.app"]}}