{
  "firestore": {
    "database": "(default)",
    "location": "asia-east1",
    "rules": "firestore.rules",
    "indexes": "firestore.indexes.json"
  },
  "functions": [
    {
      "source": "functions",
      "codebase": "default",
      "runtime": "nodejs20",
      "ignore": [
        "node_modules",
        ".git",
        "firebase-debug.log",
        "firebase-debug.*.log",
        "*.local"
      ]
    }
  ],
  "hosting": {
    "public": "functions/public",
    "ignore": [
      "firebase.json",
      "**/.*",
      "**/node_modules/**"
    ],
    "headers": [
      {
        "source": "**/*.@(jpg|jpeg|gif|png|webp|svg|ico)",
        "headers": [
          {
            "key": "Cache-Control",
            "value": "max-age=31536000"
          }
        ]
      },
      {
        "source": "**/*.@(css|js)",
        "headers": [
          {
            "key": "Cache-Control",
            "value": "max-age=31536000"
          }
        ]
      },
      {
        "source": "sitemap.xml",
        "headers": [
          {
            "key": "Content-Type",
            "value": "application/xml; charset=utf-8"
          },
          {
            "key": "Cache-Control",
            "value": "max-age=3600"
          }
        ]
      },
      {
        "source": "robots.txt",
        "headers": [
          {
            "key": "Content-Type",
            "value": "text/plain; charset=utf-8"
          },
          {
            "key": "Cache-Control",
            "value": "max-age=3600"
          }
        ]
      }
    ],
    "cleanUrls": true,
    "trailingSlash": false,
    "rewrites": [
      {
        "source": "**",
        "function": "app"
      }
    ]
  },
  "storage": {
    "rules": "storage.rules"
  },
  "emulators": {
    "auth": {
      "port": 9099
    },
    "functions": {
      "port": 5001
    },
    "firestore": {
      "port": 8080
    },
    "hosting": {
      "port": 5000
    },
    "storage": {
      "port": 9199
    },
    "ui": {
      "enabled": true
    },
    "singleProjectMode": true
  }
}
